sequence,frame,pose,camera,resolution,observed_coverage,gate_fill_of_hole,generated_fraction_all,vehicle_risk_fraction_of_hole,locked_pixels_modified,result_path,diff_path,metric_status
2026-05-22-10-25-21,73,mixed_5_10cm,CAM_BACK,1920x1080 or source-native audit,0.9970298032407408,0.6824971586296477,0.0009430459104938271,0.012139605462822459,0,/media/2T_HD/GCR-NVS_DATA/outputs/evaluations/t0_uniview_rgbds_full_a_20260825/mixed_5_10cm/CAM_BACK/rgbds_a_4k.png,/media/2T_HD/GCR-NVS_DATA/outputs/source_vs_aonly_diff_20260826/mixed_5_10cm/CAM_BACK/a_only_abs_diff.png,measured proxy; no target RGB GT for shifted pose
2026-05-22-10-25-21,73,mixed_5_10cm,CAM_BACK_LEFT,1920x1080 or source-native audit,0.9825607638888889,0.2742450638792102,0.012656611689814815,0.0,0,/media/2T_HD/GCR-NVS_DATA/outputs/evaluations/t0_uniview_rgbds_full_a_20260825/mixed_5_10cm/CAM_BACK_LEFT/rgbds_a_4k.png,/media/2T_HD/GCR-NVS_DATA/outputs/source_vs_aonly_diff_20260826/mixed_5_10cm/CAM_BACK_LEFT/a_only_abs_diff.png,measured proxy; no target RGB GT for shifted pose
2026-05-22-10-25-21,73,mixed_5_10cm,CAM_BACK_RIGHT,1920x1080 or source-native audit,0.9922026909722222,0.5661935244456814,0.003382523148148148,0.033856722276741906,0,/media/2T_HD/GCR-NVS_DATA/outputs/evaluations/t0_uniview_rgbds_full_a_20260825/mixed_5_10cm/CAM_BACK_RIGHT/rgbds_a_4k.png,/media/2T_HD/GCR-NVS_DATA/outputs/source_vs_aonly_diff_20260826/mixed_5_10cm/CAM_BACK_RIGHT/a_only_abs_diff.png,measured proxy; no target RGB GT for shifted pose
2026-05-22-10-25-21,73,mixed_5_10cm,CAM_FRONT_LEFT,1920x1080 or source-native audit,0.9934969376929013,0.40134225699401177,0.003893108603395062,0.004676539360872954,0,/media/2T_HD/GCR-NVS_DATA/outputs/evaluations/t0_uniview_rgbds_full_a_20260825/mixed_5_10cm/CAM_FRONT_LEFT/rgbds_a_4k.png,/media/2T_HD/GCR-NVS_DATA/outputs/source_vs_aonly_diff_20260826/mixed_5_10cm/CAM_FRONT_LEFT/a_only_abs_diff.png,measured proxy; no target RGB GT for shifted pose
2026-05-22-10-25-21,73,mixed_5_10cm,CAM_FRONT_NARROW,1920x1080 or source-native audit,0.9911103877314815,0.5423413893183606,0.004068407600308642,0.2800355977454761,0,/media/2T_HD/GCR-NVS_DATA/outputs/evaluations/t0_uniview_rgbds_full_a_20260825/mixed_5_10cm/CAM_FRONT_NARROW/rgbds_a_4k.png,/media/2T_HD/GCR-NVS_DATA/outputs/source_vs_aonly_diff_20260826/mixed_5_10cm/CAM_FRONT_NARROW/a_only_abs_diff.png,measured proxy; no target RGB GT for shifted pose
2026-05-22-10-25-21,73,mixed_5_10cm,CAM_FRONT_RIGHT,1920x1080 or source-native audit,0.9973770254629629,0.8505239933811363,0.00039207175925925927,0.03171641791044776,0,/media/2T_HD/GCR-NVS_DATA/outputs/evaluations/t0_uniview_rgbds_full_a_20260825/mixed_5_10cm/CAM_FRONT_RIGHT/rgbds_a_4k.png,/media/2T_HD/GCR-NVS_DATA/outputs/source_vs_aonly_diff_20260826/mixed_5_10cm/CAM_FRONT_RIGHT/a_only_abs_diff.png,measured proxy; no target RGB GT for shifted pose
2026-05-22-10-25-21,73,mixed_5_10cm,CAM_FRONT_WIDE,1920x1080 or source-native audit,0.9986197916666667,0.523235499650594,0.0006580343364197531,0.0,0,/media/2T_HD/GCR-NVS_DATA/outputs/evaluations/t0_uniview_rgbds_full_a_20260825/mixed_5_10cm/CAM_FRONT_WIDE/rgbds_a_4k.png,/media/2T_HD/GCR-NVS_DATA/outputs/source_vs_aonly_diff_20260826/mixed_5_10cm/CAM_FRONT_WIDE/a_only_abs_diff.png,measured proxy; no target RGB GT for shifted pose
2026-05-22-10-25-21,73,mixed_10_20cm,CAM_BACK,1920x1080 or source-native audit,0.9946806278935185,0.6169397792434441,0.0020376398533950616,0.05057373565660858,0,/media/2T_HD/GCR-NVS_DATA/outputs/evaluations/t0_uniview_rgbds_full_a_20260825/mixed_10_20cm/CAM_BACK/rgbds_a_4k.png,/media/2T_HD/GCR-NVS_DATA/outputs/source_vs_aonly_diff_20260826/mixed_10_20cm/CAM_BACK/a_only_abs_diff.png,measured proxy; no target RGB GT for shifted pose
2026-05-22-10-25-21,73,mixed_10_20cm,CAM_BACK_LEFT,1920x1080 or source-native audit,0.9893464265046297,0.41471170712386124,0.006235411844135803,0.0,0,/media/2T_HD/GCR-NVS_DATA/outputs/evaluations/t0_uniview_rgbds_full_a_20260825/mixed_10_20cm/CAM_BACK_LEFT/rgbds_a_4k.png,/media/2T_HD/GCR-NVS_DATA/outputs/source_vs_aonly_diff_20260826/mixed_10_20cm/CAM_BACK_LEFT/a_only_abs_diff.png,measured proxy; no target RGB GT for shifted pose
2026-05-22-10-25-21,73,mixed_10_20cm,CAM_BACK_RIGHT,1920x1080 or source-native audit,0.9818524546682099,0.3820080652126253,0.011215036651234567,0.03966901922608907,0,/media/2T_HD/GCR-NVS_DATA/outputs/evaluations/t0_uniview_rgbds_full_a_20260825/mixed_10_20cm/CAM_BACK_RIGHT/rgbds_a_4k.png,/media/2T_HD/GCR-NVS_DATA/outputs/source_vs_aonly_diff_20260826/mixed_10_20cm/CAM_BACK_RIGHT/a_only_abs_diff.png,measured proxy; no target RGB GT for shifted pose
2026-05-22-10-25-21,73,mixed_10_20cm,CAM_FRONT_LEFT,1920x1080 or source-native audit,0.978495490933642,0.3769363166953528,0.01339867862654321,0.0062827225130890054,0,/media/2T_HD/GCR-NVS_DATA/outputs/evaluations/t0_uniview_rgbds_full_a_20260825/mixed_10_20cm/CAM_FRONT_LEFT/rgbds_a_4k.png,/media/2T_HD/GCR-NVS_DATA/outputs/source_vs_aonly_diff_20260826/mixed_10_20cm/CAM_FRONT_LEFT/a_only_abs_diff.png,measured proxy; no target RGB GT for shifted pose
2026-05-22-10-25-21,73,mixed_10_20cm,CAM_FRONT_NARROW,1920x1080 or source-native audit,0.981039737654321,0.42735145996540846,0.010857566550925925,0.219927797833935,0,/media/2T_HD/GCR-NVS_DATA/outputs/evaluations/t0_uniview_rgbds_full_a_20260825/mixed_10_20cm/CAM_FRONT_NARROW/rgbds_a_4k.png,/media/2T_HD/GCR-NVS_DATA/outputs/source_vs_aonly_diff_20260826/mixed_10_20cm/CAM_FRONT_NARROW/a_only_abs_diff.png,measured proxy; no target RGB GT for shifted pose
2026-05-22-10-25-21,73,mixed_10_20cm,CAM_FRONT_RIGHT,1920x1080 or source-native audit,0.983804615162037,0.5695036886496788,0.006972053433641975,0.02564102564102564,0,/media/2T_HD/GCR-NVS_DATA/outputs/evaluations/t0_uniview_rgbds_full_a_20260825/mixed_10_20cm/CAM_FRONT_RIGHT/rgbds_a_4k.png,/media/2T_HD/GCR-NVS_DATA/outputs/source_vs_aonly_diff_20260826/mixed_10_20cm/CAM_FRONT_RIGHT/a_only_abs_diff.png,measured proxy; no target RGB GT for shifted pose
2026-05-22-10-25-21,73,mixed_10_20cm,CAM_FRONT_WIDE,1920x1080 or source-native audit,0.9922082368827161,0.11702358111035464,0.006879943094135803,0.0005125576627370579,0,/media/2T_HD/GCR-NVS_DATA/outputs/evaluations/t0_uniview_rgbds_full_a_20260825/mixed_10_20cm/CAM_FRONT_WIDE/rgbds_a_4k.png,/media/2T_HD/GCR-NVS_DATA/outputs/source_vs_aonly_diff_20260826/mixed_10_20cm/CAM_FRONT_WIDE/a_only_abs_diff.png,measured proxy; no target RGB GT for shifted pose
2026-05-22-10-25-21,73,mixed_20_50cm,CAM_BACK,1920x1080 or source-native audit,0.9897417534722223,0.46152128434760126,0.005523847415123457,0.019176901529842708,0,/media/2T_HD/GCR-NVS_DATA/outputs/evaluations/t0_uniview_rgbds_full_a_20260825/mixed_20_50cm/CAM_BACK/rgbds_a_4k.png,/media/2T_HD/GCR-NVS_DATA/outputs/source_vs_aonly_diff_20260826/mixed_20_50cm/CAM_BACK/a_only_abs_diff.png,measured proxy; no target RGB GT for shifted pose
2026-05-22-10-25-21,73,mixed_20_50cm,CAM_BACK_LEFT,1920x1080 or source-native audit,0.9219294945987654,0.27415264968774516,0.05666726948302469,0.0032114183764495987,0,/media/2T_HD/GCR-NVS_DATA/outputs/evaluations/t0_uniview_rgbds_full_a_20260825/mixed_20_50cm/CAM_BACK_LEFT/rgbds_a_4k.png,/media/2T_HD/GCR-NVS_DATA/outputs/source_vs_aonly_diff_20260826/mixed_20_50cm/CAM_BACK_LEFT/a_only_abs_diff.png,measured proxy; no target RGB GT for shifted pose
2026-05-22-10-25-21,73,mixed_20_50cm,CAM_BACK_RIGHT,1920x1080 or source-native audit,0.9584496768904321,0.39224106663571606,0.025252580054012347,0.0210224558050645,0,/media/2T_HD/GCR-NVS_DATA/outputs/evaluations/t0_uniview_rgbds_full_a_20260825/mixed_20_50cm/CAM_BACK_RIGHT/rgbds_a_4k.png,/media/2T_HD/GCR-NVS_DATA/outputs/source_vs_aonly_diff_20260826/mixed_20_50cm/CAM_BACK_RIGHT/a_only_abs_diff.png,measured proxy; no target RGB GT for shifted pose
2026-05-22-10-25-21,73,mixed_20_50cm,CAM_FRONT_LEFT,1920x1080 or source-native audit,0.9630919656635802,0.27304086499199687,0.026830632716049383,0.00392156862745098,0,/media/2T_HD/GCR-NVS_DATA/outputs/evaluations/t0_uniview_rgbds_full_a_20260825/mixed_20_50cm/CAM_FRONT_LEFT/rgbds_a_4k.png,/media/2T_HD/GCR-NVS_DATA/outputs/source_vs_aonly_diff_20260826/mixed_20_50cm/CAM_FRONT_LEFT/a_only_abs_diff.png,measured proxy; no target RGB GT for shifted pose
2026-05-22-10-25-21,73,mixed_20_50cm,CAM_FRONT_NARROW,1920x1080 or source-native audit,0.966675708912037,0.3859734809428194,0.020461998456790125,0.22679170609997418,0,/media/2T_HD/GCR-NVS_DATA/outputs/evaluations/t0_uniview_rgbds_full_a_20260825/mixed_20_50cm/CAM_FRONT_NARROW/rgbds_a_4k.png,/media/2T_HD/GCR-NVS_DATA/outputs/source_vs_aonly_diff_20260826/mixed_20_50cm/CAM_FRONT_NARROW/a_only_abs_diff.png,measured proxy; no target RGB GT for shifted pose
2026-05-22-10-25-21,73,mixed_20_50cm,CAM_FRONT_RIGHT,1920x1080 or source-native audit,0.9860867573302469,0.7547616159165352,0.003412061149691358,0.058364312267657995,0,/media/2T_HD/GCR-NVS_DATA/outputs/evaluations/t0_uniview_rgbds_full_a_20260825/mixed_20_50cm/CAM_FRONT_RIGHT/rgbds_a_4k.png,/media/2T_HD/GCR-NVS_DATA/outputs/source_vs_aonly_diff_20260826/mixed_20_50cm/CAM_FRONT_RIGHT/a_only_abs_diff.png,measured proxy; no target RGB GT for shifted pose
2026-05-22-10-25-21,73,mixed_20_50cm,CAM_FRONT_WIDE,1920x1080 or source-native audit,0.9896703800154321,0.14233525525805923,0.00885935088734568,0.0006540222367560497,0,/media/2T_HD/GCR-NVS_DATA/outputs/evaluations/t0_uniview_rgbds_full_a_20260825/mixed_20_50cm/CAM_FRONT_WIDE/rgbds_a_4k.png,/media/2T_HD/GCR-NVS_DATA/outputs/source_vs_aonly_diff_20260826/mixed_20_50cm/CAM_FRONT_WIDE/a_only_abs_diff.png,measured proxy; no target RGB GT for shifted pose
