Band (cm),Target camera,Observed cov. (%),Gate fill of hole (%),Generated / image (%),Vehicle risk in hole (%),Locked px changed
5-10,Front Wide,99.86,52.32,0.07,0.00,0
5-10,Front Narrow,99.11,54.23,0.41,28.00,0
5-10,Front Left,99.35,40.13,0.39,0.47,0
5-10,Front Right,99.74,85.05,0.04,3.17,0
5-10,Back Left,98.26,27.42,1.27,0.00,0
5-10,Back Right,99.22,56.62,0.34,3.39,0
5-10,Back,99.70,68.25,0.09,1.21,0
10-20,Front Wide,99.22,11.70,0.69,0.05,0
10-20,Front Narrow,98.10,42.74,1.09,21.99,0
10-20,Front Left,97.85,37.69,1.34,0.63,0
10-20,Front Right,98.38,56.95,0.70,2.56,0
10-20,Back Left,98.93,41.47,0.62,0.00,0
10-20,Back Right,98.19,38.20,1.12,3.97,0
10-20,Back,99.47,61.69,0.20,5.06,0
20-50,Front Wide,98.97,14.23,0.89,0.07,0
20-50,Front Narrow,96.67,38.60,2.05,22.68,0
20-50,Front Left,96.31,27.30,2.68,0.39,0
20-50,Front Right,98.61,75.48,0.34,5.84,0
20-50,Back Left,92.19,27.42,5.67,0.32,0
20-50,Back Right,95.84,39.22,2.53,2.10,0
20-50,Back,98.97,46.15,0.55,1.92,0
Mean,All 21,98.24,44.90,1.10,4.94,0
