Pri.,Class,Input and processing,Maps to Q(p),Exports depth,SE(3) eligible,Trust note
1,LiDAR anchor,Calibrated projection and z-buffer,observed,Yes,Yes,Measured geometry
2,Current RGB-D,Rectified RGB with LiDAR-aligned dense depth,observed,Yes,Yes,Estimated depth; anchors restored
3,Temporal,"Same-camera neighbouring frames, SE(3) warp and gates",gate,Yes,Conditional,Only after consistency gates
4,Multi-view,"Adjacent cameras, rigid-rig reprojection, visibility gates",gate,Yes,Conditional,Fills geometry unknown only
5,TSDF,"LiDAR-anchored charts, sparse zero-level rendering",gate,Yes,Conditional,Hard anchors remain exact
6,Small-hole patch,Guarded local fill bounded by known RGB,generated,No,No,Visual output only
7,Splatting appearance,Calibrated sequence RGB with trusted depth,generated,No,No,Visual output only
8,Directional background,"Semantic sky consensus, rotation-only warp",generated,No,No,Visual output only
9,Masked inpainting,Unknown mask excluding directional fill and anchors,generated,No,No,Visual only; strict mask composite
10,Display polish,"Impulse removal, bilateral blend, unsharp mask",none (transform),No,No,Masked out of every observed pixel; anchors restored byte-exactly
11,Redistortion export,"Pinhole-domain RGB and masks remapped with raw K, D",none (transform),No,No,Display only; geometry stays in the rectified domain
