sequence_id,frame,camera,target_config_id,target_gt_available,geometry_coverage,unknown_coverage,final_visual_coverage,final_visual_hole_free,replaced_visual_pixels,near_black_replaced_pixels,largest_near_black_component_px,camera_elapsed_s,metric_scope,exports_generated_depth,generated_pixels_se3_eligible
2026-05-22-10-25-21,40,CAM_BACK_LEFT,target_l4_rig_reference_v1,False,0.9506500771604939,0.04948109567901235,1.0,True,44116,117,2,20.307315587997437,no_gt_proxy_and_topology_audit,False,False
2026-05-22-10-25-21,40,CAM_FRONT_LEFT,target_l4_rig_reference_v1,False,0.9767091049382716,0.023383487654320988,1.0,True,24669,53,2,13.033907651901245,no_gt_proxy_and_topology_audit,False,False
2026-05-22-10-25-21,40,CAM_FRONT_RIGHT,target_l4_rig_reference_v1,False,0.9727314814814815,0.027337962962962963,1.0,True,41883,9,2,15.968047618865967,no_gt_proxy_and_topology_audit,False,False
2026-05-22-10-25-21,40,CAM_BACK_RIGHT,target_l4_rig_reference_v1,False,0.8949266975308642,0.10511574074074075,1.0,True,103190,33,2,25.53736424446106,no_gt_proxy_and_topology_audit,False,False
2026-05-22-10-25-21,40,CAM_BACK,target_l4_rig_reference_v1,False,0.914278549382716,0.08598186728395062,1.0,True,71885,22,2,20.19403314590454,no_gt_proxy_and_topology_audit,False,False
2026-05-22-10-25-21,40,CAM_FRONT_WIDE,target_l4_rig_reference_v1,False,0.9882503858024692,0.011851851851851851,1.0,True,21056,8,1,15.021303653717041,no_gt_proxy_and_topology_audit,False,False
2026-05-22-10-25-21,40,CAM_FRONT_NARROW,target_l4_rig_reference_v1,False,0.8876195987654321,0.11279513888888888,1.0,True,81734,37,3,30.74602770805359,no_gt_proxy_and_topology_audit,False,False
2026-05-22-10-25-21,24,CAM_BACK_LEFT,target_l4_rig_reference_v1,False,0.9501157407407408,0.04988425925925921,1.0,True,47272,78,3,21.591811895370483,continuous_target_demo_api,False,False
2026-05-22-10-25-21,25,CAM_BACK_LEFT,target_l4_rig_reference_v1,False,0.9461130401234568,0.05388695987654324,1.0,True,47573,159,4,21.88151454925537,continuous_target_demo_api,False,False
2026-05-22-10-25-21,26,CAM_BACK_LEFT,target_l4_rig_reference_v1,False,0.9403819444444445,0.05961805555555555,1.0,True,48902,157,2,18.614487886428833,continuous_target_demo_api,False,False
2026-05-22-10-25-21,27,CAM_BACK_LEFT,target_l4_rig_reference_v1,False,0.9374344135802469,0.06256558641975307,1.0,True,50696,98,2,16.480101823806763,continuous_target_demo_api,False,False
2026-05-22-10-25-21,28,CAM_BACK_LEFT,target_l4_rig_reference_v1,False,0.9408989197530864,0.05910108024691363,1.0,True,49877,55,2,18.768414974212646,continuous_target_demo_api,False,False
2026-05-22-10-25-21,29,CAM_BACK_LEFT,target_l4_rig_reference_v1,False,0.9459239969135802,0.0540760030864198,1.0,True,47823,77,2,17.016724586486816,continuous_target_demo_api,False,False
2026-05-22-10-25-21,30,CAM_BACK_LEFT,target_l4_rig_reference_v1,False,0.9435493827160494,0.05645061728395062,1.0,True,46127,132,4,15.204047679901123,continuous_target_demo_api,False,False
2026-05-22-10-25-21,31,CAM_BACK_LEFT,target_l4_rig_reference_v1,False,0.9337345679012345,0.06626543209876545,1.0,True,53357,183,2,15.938230991363525,continuous_target_demo_api,False,False
2026-05-22-10-25-21,32,CAM_BACK_LEFT,target_l4_rig_reference_v1,False,0.9426350308641975,0.05736496913580247,1.0,True,48638,64,2,16.678659677505493,continuous_target_demo_api,False,False
2026-05-22-10-25-21,33,CAM_BACK_LEFT,target_l4_rig_reference_v1,False,0.9444425154320988,0.055557484567901216,1.0,True,47426,52,1,18.53902816772461,continuous_target_demo_api,False,False
2026-05-22-10-25-21,34,CAM_BACK_LEFT,target_l4_rig_reference_v1,False,0.9471315586419753,0.05286844135802471,1.0,True,47437,125,3,18.873895406723022,continuous_target_demo_api,False,False
2026-05-22-10-25-21,35,CAM_BACK_LEFT,target_l4_rig_reference_v1,False,0.9410011574074074,0.05899884259259258,1.0,True,51022,158,3,19.56312131881714,continuous_target_demo_api,False,False
2026-05-22-10-25-21,36,CAM_BACK_LEFT,target_l4_rig_reference_v1,False,0.9395871913580247,0.06041280864197529,1.0,True,49389,140,2,14.920298337936401,continuous_target_demo_api,False,False
2026-05-22-10-25-21,37,CAM_BACK_LEFT,target_l4_rig_reference_v1,False,0.9447492283950617,0.0552507716049383,1.0,True,45654,81,2,16.417816638946533,continuous_target_demo_api,False,False
2026-05-22-10-25-21,38,CAM_BACK_LEFT,target_l4_rig_reference_v1,False,0.9464814814814815,0.05351851851851852,1.0,True,45602,111,3,17.537500143051147,continuous_target_demo_api,False,False
2026-05-22-10-25-21,39,CAM_BACK_LEFT,target_l4_rig_reference_v1,False,0.9511979166666666,0.04880208333333336,1.0,True,42385,95,2,16.631189107894897,continuous_target_demo_api,False,False
2026-05-22-10-25-21,40,CAM_BACK_LEFT,target_l4_rig_reference_v1,False,0.9506500771604939,0.04934992283950612,1.0,True,44116,117,2,16.261374473571777,continuous_target_demo_api,False,False
2026-05-22-10-25-21,41,CAM_BACK_LEFT,target_l4_rig_reference_v1,False,0.9474729938271605,0.05252700617283945,1.0,True,43804,78,2,16.619895935058594,continuous_target_demo_api,False,False
2026-05-22-10-25-21,42,CAM_BACK_LEFT,target_l4_rig_reference_v1,False,0.9469791666666667,0.053020833333333295,1.0,True,44508,75,2,15.504742860794067,continuous_target_demo_api,False,False
2026-05-22-10-25-21,43,CAM_BACK_LEFT,target_l4_rig_reference_v1,False,0.9442341820987654,0.05576581790123458,1.0,True,47735,67,2,17.558324098587036,continuous_target_demo_api,False,False
